DATE,AWND,PRCP,TAVG,TMAX,TMIN,TOBS,WT,day_of_week,weekend
2018-06-01,1.625,4.4072289156626505,20.2,24.92142857142857,17.37142857142857,18.683333333333334,WT01,Friday,0
2018-06-02,3.4875,5.644736842105263,24.7,29.33076923076923,18.8,21.825,WT01,Saturday,1
2018-06-03,5.0,6.481333333333333,18.033333333333335,23.8,12.353846153846153,15.125,WT01,Sunday,1
2018-06-04,2.8875,13.701204819277109,14.6,20.700000000000003,10.392307692307693,10.75,WT01,Monday,0
2018-06-05,3.4875,0.8115384615384615,19.099999999999998,23.092857142857145,11.5,13.233333333333334,WT01,Tuesday,0
2018-06-06,2.5375,0.7822784810126582,17.900000000000002,22.150000000000002,12.815384615384614,14.050000000000002,,Wednesday,0
2018-06-07,2.9375,0.021052631578947368,17.099999999999998,21.114285714285717,14.207142857142857,14.783333333333333,,Thursday,0
2018-06-08,2.675,0.003846153846153846,20.033333333333335,25.357142857142858,13.214285714285714,14.219999999999999,,Friday,0
2018-06-09,2.3125,0.0,23.3,27.77857142857143,16.96923076923077,18.875,,Saturday,1
2018-06-10,1.8625,0.29078947368421054,20.633333333333333,24.246153846153845,15.841666666666667,18.475,,Sunday,1
2018-06-11,2.7125,4.262025316455696,17.433333333333334,21.54615384615385,13.323076923076922,14.333333333333334,WT01,Monday,0
2018-06-12,3.275,0.2875,17.866666666666667,22.907142857142855,10.76923076923077,12.6,,Tuesday,0
2018-06-13,3.2125,0.25529411764705884,19.900000000000002,24.642857142857142,14.5,16.95,WT01,Wednesday,0
2018-06-14,5.6,1.3523809523809522,24.766666666666666,27.307692307692307,18.415384615384617,19.46,,Thursday,0
2018-06-15,3.775,0.007894736842105263,22.2,26.376923076923074,16.008333333333333,16.525,WT08,Friday,0
2018-06-16,2.475,0.0,22.933333333333334,27.733333333333334,14.808333333333332,15.975,,Saturday,1
2018-06-17,2.3249999999999997,0.0,25.099999999999998,31.258333333333336,15.966666666666667,17.03333333333333,,Sunday,1
2018-06-18,4.325,0.39125,26.166666666666668,32.34615384615385,19.26153846153846,20.9,WT01,Monday,0
2018-06-19,3.8,5.287640449438203,27.633333333333336,31.884615384615383,21.615384615384617,24.439999999999998,WT01,Tuesday,0
2018-06-20,2.4,0.1794871794871795,24.166666666666668,29.450000000000003,18.625,18.75,WT01,Wednesday,0
2018-06-21,2.5875,9.509756097560976,23.2,29.146153846153847,18.107692307692307,18.419999999999998,WT01,Thursday,0
2018-06-22,3.8125,0.4818181818181818,21.599999999999998,25.608333333333334,17.441666666666666,19.15,WT01,Friday,0
2018-06-23,3.0125,1.3863013698630138,18.466666666666665,20.966666666666665,16.441666666666666,16.833333333333332,WT08,Saturday,1
2018-06-24,2.85,0.5608108108108109,22.0,25.891666666666666,17.683333333333334,19.266666666666666,WT01,Sunday,1
2018-06-25,4.3375,4.053658536585366,24.166666666666668,28.46153846153846,17.815384615384616,19.759999999999998,WT01,Monday,0
2018-06-26,3.7,0.004054054054054054,21.233333333333334,25.700000000000003,14.776923076923076,16.34,,Tuesday,0
2018-06-27,3.8,0.08765432098765431,21.133333333333333,24.323076923076922,16.453846153846154,16.78,WT01,Wednesday,0
2018-06-28,3.2125000000000004,13.292045454545455,23.599999999999998,26.428571428571427,19.400000000000002,20.283333333333335,WT01,Thursday,0
2018-06-29,2.8625,7.556626506024097,26.599999999999998,31.023076923076925,20.233333333333334,20.825,WT01,Friday,0
2018-06-30,2.25,0.02,28.733333333333334,32.13846153846154,20.283333333333335,22.600000000000005,WT08,Saturday,1
2018-07-01,1.9625,0.0,29.933333333333337,35.36666666666667,23.016666666666666,24.833333333333332,,Sunday,1
2018-07-02,2.4125,0.0,29.53333333333333,35.04615384615385,22.853846153846156,23.119999999999997,WT08,Monday,0
2018-07-03,1.8499999999999999,1.534567901234568,27.46666666666667,34.06153846153846,23.75,25.25,WT01,Tuesday,0
2018-07-04,1.8625,8.810843373493976,27.03333333333333,32.36666666666667,23.791666666666668,25.2,WT01,Wednesday,0
2018-07-05,3.6625,0.5756097560975609,27.3,32.03333333333333,23.415384615384614,24.2,WT01,Thursday,0
2018-07-06,4.3125,4.632098765432098,26.3,29.823076923076922,21.33076923076923,24.68,WT01,Friday,0
2018-07-07,3.6374999999999997,2.5426666666666664,21.633333333333336,25.883333333333336,15.600000000000001,15.933333333333332,WT08,Saturday,1
2018-07-08,2.0625,0.004,21.866666666666664,27.425,14.4,16.666666666666668,WT08,Sunday,1
2018-07-09,2.8125,0.006578947368421052,24.23333333333333,30.275000000000002,16.575,17.625,,Monday,0
2018-07-10,2.8875,0.0,27.099999999999998,33.108333333333334,18.974999999999998,19.6,,Tuesday,0
2018-07-11,3.375,0.006493506493506494,27.2,31.884615384615383,21.25,22.075,,Wednesday,0
2018-07-12,2.2625,1.1724999999999999,24.46666666666667,29.525000000000002,19.258333333333333,20.15,WT01,Thursday,0
2018-07-13,2.525,0.0,24.46666666666667,29.633333333333336,17.783333333333335,17.675,WT08,Friday,0
2018-07-14,3.5,0.616,26.0,31.400000000000002,19.216666666666665,21.46666666666667,WT01,Saturday,1
2018-07-15,2.5875,16.437037037037037,25.0,30.566666666666666,20.76666666666667,21.133333333333336,WT01,Sunday,1
2018-07-16,2.8875,3.1828947368421048,27.433333333333334,31.900000000000002,21.90833333333333,22.0,WT01,Monday,0
2018-07-17,3.3875,4.306578947368421,26.599999999999998,32.0,21.708333333333332,25.0,WT01,Tuesday,0
2018-07-18,4.1,22.344047619047622,24.866666666666664,30.45,18.841666666666665,19.175,WT01,Wednesday,0
2018-07-19,2.6125,0.0189873417721519,24.03333333333333,28.75,16.625,16.8,,Thursday,0
2018-07-20,2.6,0.0,23.933333333333334,28.253846153846155,17.43076923076923,18.22,,Friday,0
2018-07-21,4.8625,2.118666666666667,22.8,26.73846153846154,17.523076923076925,19.066666666666666,WT01,Saturday,1
2018-07-22,6.1625,25.976470588235294,23.333333333333332,26.916666666666668,19.958333333333332,22.066666666666666,WT01,Sunday,1
2018-07-23,5.7875,11.89186046511628,24.833333333333332,28.133333333333336,22.741666666666664,23.779999999999998,WT01,Monday,0
2018-07-24,6.0,3.3119047619047617,25.900000000000002,28.707692307692305,23.700000000000003,24.32,WT01,Tuesday,0
2018-07-25,4.8,14.704395604395604,24.833333333333332,27.50769230769231,22.138461538461538,23.1,WT01,Wednesday,0
2018-07-26,2.8625000000000003,17.1875,25.133333333333336,29.25,22.03333333333333,22.1,WT01,Thursday,0
2018-07-27,2.575,3.1164556962025314,26.666666666666668,31.023076923076925,20.215384615384615,21.32,WT01,Friday,0
2018-07-28,1.8375000000000001,15.02405063291139,24.900000000000002,30.558333333333334,20.041666666666668,20.366666666666667,WT01,Saturday,1
2018-07-29,2.8,0.5185714285714286,25.566666666666666,29.007692307692306,20.233333333333334,20.566666666666666,,Sunday,1
2018-07-30,1.9375,0.35833333333333334,24.53333333333333,27.541666666666668,18.423076923076923,17.78,WT01,Monday,0
2018-07-31,2.5375,0.03424657534246575,23.633333333333336,27.099999999999998,18.733333333333334,19.725,,Tuesday,0
2018-08-01,4.3375,1.848780487804878,26.166666666666668,29.700000000000003,21.54615384615385,22.32,WT01,Wednesday,0
2018-08-02,3.65,6.375308641975308,27.733333333333334,30.76153846153846,22.815384615384616,23.22,WT01,Thursday,0
2018-08-03,3.1125,9.536249999999999,26.099999999999998,30.515384615384615,22.907692307692308,24.56,WT01,Friday,0
2018-08-04,2.85,19.031578947368423,25.900000000000002,30.7,22.491666666666664,23.3,WT01,Saturday,1
2018-08-05,1.8,12.69864864864865,28.400000000000002,32.09166666666667,21.666666666666668,24.066666666666666,WT01,Sunday,1
2018-08-06,2.4,0.042105263157894736,29.333333333333332,33.63076923076923,23.03076923076923,23.1,,Monday,0
2018-08-07,3.35,1.546376811594203,28.433333333333334,32.76153846153846,22.815384615384616,23.880000000000003,WT01,Tuesday,0
2018-08-08,2.3125,12.713253012048193,27.433333333333334,32.56153846153846,22.53076923076923,22.439999999999998,WT01,Wednesday,0
2018-08-09,3.1125,8.162650602409638,28.2,31.96923076923077,22.457142857142856,23.133333333333336,WT01,Thursday,0
2018-08-10,2.0875,0.8094594594594594,27.46666666666667,31.085714285714285,20.185714285714287,20.166666666666668,,Friday,0
2018-08-11,2.1875,18.209090909090907,24.633333333333336,28.264285714285712,20.553846153846152,22.65,WT01,Saturday,1
2018-08-12,2.525,29.220833333333335,24.633333333333336,27.76923076923077,21.592307692307692,22.1,WT01,Sunday,1
2018-08-13,3.025,6.457142857142857,23.53333333333333,26.023076923076925,21.76153846153846,22.34,WT01,Monday,0
2018-08-14,2.7,13.841333333333331,23.733333333333334,26.435714285714287,20.73076923076923,21.05,WT01,Tuesday,0
2018-08-15,3.5125,4.894736842105263,25.633333333333336,30.25,20.728571428571428,21.116666666666667,WT01,Wednesday,0
2018-08-16,2.7750000000000004,0.011392405063291138,28.566666666666666,31.77857142857143,22.264285714285712,22.583333333333332,,Thursday,0
2018-08-17,3.1875,2.984,28.3,31.55,22.32857142857143,22.3,WT01,Friday,0
2018-08-18,3.25,20.41756756756757,26.666666666666668,31.178571428571427,21.415384615384614,23.05,WT01,Saturday,1
2018-08-19,3.475,6.681333333333334,22.03333333333333,26.03076923076923,19.684615384615384,19.7,WT01,Sunday,1
2018-08-20,2.625,1.8246575342465752,21.8,23.107692307692307,18.914285714285715,19.533333333333335,WT01,Monday,0
2018-08-21,3.325,0.6026666666666667,22.2,24.707142857142856,18.292857142857144,18.8,WT01,Tuesday,0
2018-08-22,4.1125,12.40952380952381,25.266666666666666,27.514285714285712,20.25714285714286,21.483333333333334,WT01,Wednesday,0
2018-08-23,3.7249999999999996,1.1394736842105262,23.366666666666664,27.228571428571428,18.135714285714286,18.766666666666666,,Thursday,0
2018-08-24,1.925,0.05555555555555555,23.7,27.135714285714283,15.9,15.383333333333333,,Friday,0
2018-08-25,1.9125,0.004225352112676056,23.46666666666667,26.53846153846154,16.757142857142856,17.625,,Saturday,1
2018-08-26,3.0374999999999996,0.0,23.96666666666667,28.115384615384617,17.546153846153846,18.325000000000003,,Sunday,1
2018-08-27,2.3375,0.0,27.166666666666668,30.557142857142857,20.684615384615384,20.666666666666668,,Monday,0
2018-08-28,3.1,0.0,29.733333333333334,33.292857142857144,22.928571428571427,23.7,WT01,Tuesday,0
2018-08-29,3.3375000000000004,0.0,30.900000000000002,34.6,24.535714285714285,25.46666666666667,WT01,Wednesday,0
2018-08-30,3.525,0.0,29.833333333333332,33.25714285714285,24.285714285714285,24.433333333333334,WT01,Thursday,0
2018-08-31,3.975,0.9493670886075949,24.866666666666664,28.05,21.150000000000002,22.333333333333332,WT01,Friday,0
2018-09-01,2.7875,4.264935064935065,22.7,25.13076923076923,19.77692307692308,20.0,,Saturday,1
2018-09-02,2.0875,0.03676470588235294,23.46666666666667,26.72307692307692,18.135714285714286,18.625,,Sunday,1
2018-09-03,2.5250000000000004,0.06052631578947368,27.233333333333334,30.72307692307692,21.661538461538463,24.174999999999997,,Monday,0
2018-09-04,2.2,0.05443037974683544,29.600000000000005,33.22142857142857,23.707692307692305,23.05,,Tuesday,0
2018-09-05,2.4375,0.007317073170731707,28.3,32.526666666666664,22.926666666666666,22.385714285714283,WT01,Wednesday,0
2018-09-06,2.9375,1.251851851851852,28.566666666666666,33.378571428571426,22.857142857142858,25.2,WT01,Thursday,0
2018-09-07,3.25,9.133720930232558,24.133333333333336,28.833333333333332,21.353333333333335,22.47142857142857,WT01,Friday,0
2018-09-08,4.0,1.5826666666666667,20.866666666666664,22.746666666666666,17.192857142857143,19.46,WT01,Saturday,1
2018-09-09,4.1875,5.0434210526315795,16.033333333333335,18.37857142857143,13.257142857142856,14.12,WT01,Sunday,1
2018-09-10,4.8374999999999995,21.945569620253163,15.666666666666666,17.392307692307693,12.221428571428572,13.216666666666667,WT01,Monday,0
2018-09-11,1.475,15.893023255813953,19.333333333333332,20.946666666666665,14.926666666666668,16.257142857142856,WT01,Tuesday,0
2018-09-12,1.825,2.897590361445783,23.333333333333332,24.220000000000002,19.040000000000003,20.32857142857143,WT01,Wednesday,0
2018-09-13,3.371428571428571,7.881481481481481,22.666666666666668,24.913333333333334,20.046666666666667,20.485714285714288,WT01,Thursday,0
2018-09-14,3.057142857142857,0.8564102564102564,22.3,24.10666666666667,19.40666666666667,19.457142857142856,WT01,Friday,0
2018-09-15,1.6714285714285713,0.2662162162162162,22.599999999999998,24.853333333333335,18.214285714285715,18.2,WT01,Saturday,1
2018-09-16,1.4857142857142858,0.01232876712328767,23.166666666666668,27.785714285714285,17.507142857142856,17.22,,Sunday,1
2018-09-17,2.4,0.1792207792207792,23.0,27.307692307692307,17.814285714285713,17.3,WT01,Monday,0
2018-09-18,3.3375,6.692222222222222,24.266666666666666,25.933333333333334,19.157142857142855,21.485714285714288,WT01,Tuesday,0
2018-09-19,3.05,17.288372093023256,23.7,26.82857142857143,18.20714285714286,18.483333333333334,WT01,Wednesday,0
2018-09-20,2.5875,0.20740740740740743,20.433333333333334,24.0,17.3,17.316666666666666,,Thursday,0
2018-09-21,4.1875,0.04683544303797468,21.0,22.292857142857144,17.653333333333332,18.599999999999998,,Friday,0
2018-09-22,4.0875,0.028947368421052635,22.233333333333334,23.23846153846154,17.253846153846155,21.95,,Saturday,1
2018-09-23,2.375,0.1986301369863014,17.400000000000002,20.553846153846152,15.046153846153846,15.7,WT01,Sunday,1
2018-09-24,4.7875,0.75,17.633333333333333,19.485714285714288,13.335714285714285,14.516666666666666,,Monday,0
2018-09-25,3.925,15.367469879518072,18.46666666666667,21.392857142857142,13.571428571428571,15.266666666666666,WT01,Tuesday,0
2018-09-26,3.5500000000000003,45.52674418604651,23.933333333333334,25.364285714285717,17.47142857142857,21.366666666666664,WT01,Wednesday,0
2018-09-27,3.8,3.9436781609195397,20.666666666666668,25.03076923076923,15.676923076923078,16.34,WT01,Thursday,0
2018-09-28,3.2375,29.211235955056182,17.0,19.642857142857142,13.407142857142857,15.350000000000001,WT01,Friday,0
2018-09-29,2.3375,2.6103896103896105,18.2,21.23076923076923,12.138461538461538,11.95,WT01,Saturday,1
2018-09-30,2.15,0.014473684210526317,17.433333333333334,22.138461538461538,11.36923076923077,11.675,,Sunday,1
2020-06-01,3.542857142857143,0.0,16.3,21.464285714285715,9.128571428571428,10.816666666666668,,Monday,0
2020-06-02,3.1,0.058024691358024696,19.03333333333333,22.607142857142858,11.578571428571427,13.983333333333334,WT03,Tuesday,0
2020-06-03,3.514285714285714,11.020652173913044,21.400000000000002,25.442857142857143,14.728571428571428,17.05,WT01,Wednesday,0
2020-06-04,2.814285714285714,7.226966292134831,24.03333333333333,28.607142857142858,17.314285714285713,18.883333333333333,WT01,Thursday,0
2020-06-05,2.814285714285714,9.126373626373626,22.866666666666664,27.864285714285717,18.978571428571428,19.98333333333333,WT01,Friday,0
2020-06-06,3.6571428571428575,9.8,24.400000000000002,29.00714285714286,19.407142857142855,21.080000000000002,WT01,Saturday,1
2020-06-07,4.871428571428572,2.841463414634146,22.666666666666668,27.864285714285717,16.307142857142857,17.560000000000002,WT01,Sunday,1
2020-06-08,3.242857142857143,0.003529411764705882,21.233333333333334,26.150000000000002,13.257142857142856,14.450000000000001,,Monday,0
2020-06-09,3.414285714285714,0.0,23.96666666666667,28.821428571428573,15.242857142857144,17.5,,Tuesday,0
2020-06-10,4.228571428571429,0.0,24.46666666666667,29.835714285714285,18.214285714285715,20.55,,Wednesday,0
2020-06-11,4.714285714285714,1.1439560439560439,22.900000000000002,28.535714285714285,19.99285714285714,21.766666666666666,WT01,Thursday,0
2020-06-12,3.342857142857143,6.781818181818181,24.333333333333332,28.614285714285717,19.24285714285714,19.7,WT01,Friday,0
2020-06-13,4.4,0.013253012048192772,21.133333333333336,26.428571428571427,14.450000000000001,15.319999999999999,,Saturday,1
2020-06-14,2.957142857142857,0.0,17.833333333333332,23.292857142857144,11.235714285714286,12.120000000000001,,Sunday,1
2020-06-15,2.8857142857142857,0.0,19.0,23.614285714285717,12.657142857142857,14.549999999999999,,Monday,0
2020-06-16,3.2714285714285714,0.0,19.733333333333334,24.457142857142856,13.37857142857143,15.75,,Tuesday,0
2020-06-17,3.4714285714285715,0.0,20.366666666666667,25.614285714285717,14.164285714285715,15.466666666666667,WT01,Wednesday,0
2020-06-18,2.8428571428571425,0.035955056179775284,20.433333333333334,25.3,16.821428571428573,18.433333333333334,WT01,Thursday,0
2020-06-19,2.5125,0.35454545454545455,22.2,27.114285714285717,17.728571428571428,19.166666666666668,WT01,Friday,0
2020-06-20,2.2,0.7164705882352941,24.03333333333333,28.97142857142857,18.564285714285713,20.166666666666668,WT03,Saturday,1
2020-06-21,2.4,1.18625,24.666666666666668,29.728571428571428,19.085714285714285,20.833333333333332,WT01,Sunday,1
2020-06-22,3.0375,0.01744186046511628,26.400000000000002,31.478571428571428,20.521428571428572,22.03333333333333,,Monday,0
2020-06-23,3.45,0.047126436781609195,26.066666666666666,31.24285714285714,21.071428571428573,22.599999999999998,WT01,Tuesday,0
2020-06-24,3.925,0.05176470588235295,26.53333333333333,30.714285714285715,22.37857142857143,24.066666666666666,,Wednesday,0
2020-06-25,2.65,0.0125,26.166666666666668,30.685714285714287,19.835714285714285,21.033333333333335,,Thursday,0
2020-06-26,3.0375,0.09634146341463415,25.400000000000002,30.650000000000002,18.771428571428572,20.183333333333334,,Friday,0
2020-06-27,2.3375,0.45411764705882357,25.133333333333336,29.22142857142857,18.892857142857142,20.66,WT01,Saturday,1
2020-06-28,2.075,4.244943820224719,26.666666666666668,30.207142857142856,20.314285714285713,21.759999999999998,WT01,Sunday,1
2020-06-29,3.3375,4.37752808988764,26.0,31.592857142857145,20.064285714285713,21.216666666666665,WT01,Monday,0
2020-06-30,2.425,1.6933333333333334,23.03333333333333,28.45,18.792857142857144,19.433333333333334,WT01,Tuesday,0
2020-07-01,2.0375,4.5636363636363635,22.733333333333334,27.035714285714285,18.785714285714285,20.349999999999998,WT01,Wednesday,0
2020-07-02,2.325,8.005813953488373,25.733333333333334,31.407692307692308,18.707692307692305,19.52,WT01,Thursday,0
2020-07-03,2.7625,1.8047619047619048,28.833333333333332,33.128571428571426,20.67142857142857,24.22,WT01,Friday,0
2020-07-04,2.975,10.210989010989012,24.066666666666666,31.385714285714283,20.00714285714286,19.8,WT01,Saturday,1
2020-07-05,2.4375,0.07529411764705883,26.5,32.06428571428572,21.0,22.02,WT01,Sunday,1
2020-07-06,2.65,1.5,27.766666666666666,33.778571428571425,21.042857142857144,23.7,WT01,Monday,0
2020-07-07,3.4375,10.035164835164835,24.2,30.38571428571429,21.464285714285715,21.849999999999998,WT01,Tuesday,0
2020-07-08,2.85,0.6382022471910112,26.099999999999998,28.928571428571427,22.77857142857143,23.599999999999998,WT01,Wednesday,0
2020-07-09,2.5,2.747191011235955,26.833333333333332,31.161538461538463,22.53076923076923,22.66,WT01,Thursday,0
2020-07-10,5.4875,8.477906976744187,24.833333333333332,28.37142857142857,22.542857142857144,23.883333333333336,WT01,Friday,0
2020-07-11,3.95,48.78041237113402,25.433333333333334,27.571428571428573,22.342857142857145,22.96666666666667,WT01,Saturday,1
2020-07-12,4.1125,5.727173913043478,27.166666666666668,31.357142857142858,21.514285714285712,22.1,WT01,Sunday,1
2020-07-13,3.1625,1.451111111111111,27.366666666666664,31.392857142857142,21.392857142857142,22.05,WT01,Monday,0
2020-07-14,3.425,0.04390243902439025,26.833333333333332,30.321428571428573,20.47142857142857,20.849999999999998,,Tuesday,0
2020-07-15,3.3375,0.09186046511627907,24.633333333333336,28.314285714285713,20.071428571428573,20.75,,Wednesday,0
2020-07-16,3.9625000000000004,0.0,23.2,26.314285714285713,20.092857142857145,20.75,,Thursday,0
2020-07-17,2.7625,1.224390243902439,23.73333333333333,27.95,20.171428571428574,20.933333333333334,WT01,Friday,0
2020-07-18,1.8375,1.8178571428571426,27.566666666666666,31.464285714285715,20.914285714285715,22.44,WT01,Saturday,1
2020-07-19,3.6375,0.0,28.933333333333334,33.77142857142857,22.535714285714285,25.68,,Sunday,1
2020-07-20,3.2875,0.00975609756097561,30.566666666666666,34.964285714285715,25.435714285714287,26.766666666666666,,Monday,0
2020-07-21,2.3875,0.014772727272727272,29.866666666666664,34.01428571428571,23.3,23.883333333333336,WT03,Tuesday,0
2020-07-22,2.5625,3.625806451612903,28.5,33.59285714285714,22.771428571428572,24.366666666666664,WT01,Wednesday,0
2020-07-23,3.4375,12.235106382978723,26.099999999999998,32.535714285714285,22.50714285714286,22.866666666666664,WT01,Thursday,0
2020-07-24,2.125,10.718478260869565,25.5,29.0,22.414285714285715,22.866666666666664,WT01,Friday,0
2020-07-25,2.4125,6.088636363636363,26.633333333333336,29.74285714285714,21.142857142857142,21.44,WT01,Saturday,1
2020-07-26,3.6125,0.012790697674418606,29.233333333333334,33.17142857142857,23.24285714285714,24.02,,Sunday,1
2020-07-27,3.8375,0.0,30.600000000000005,34.55714285714286,23.214285714285715,23.599999999999998,,Monday,0
2020-07-28,3.45,0.21222222222222223,30.8,34.75714285714286,24.692857142857143,26.116666666666664,,Tuesday,0
2020-07-29,2.4875,0.6455555555555555,28.633333333333336,33.121428571428574,22.935714285714287,23.233333333333334,WT08,Wednesday,0
2020-07-30,2.45,0.07666666666666667,28.96666666666667,33.08571428571428,22.50714285714286,23.55,WT01,Thursday,0
2020-07-31,1.825,18.692631578947367,25.099999999999998,30.957142857142856,21.235714285714288,21.583333333333332,WT01,Friday,0
2020-08-01,2.5125,1.2976744186046512,26.366666666666664,29.72142857142857,20.157142857142855,20.98,WT01,Saturday,1
2020-08-02,4.7625,0.18823529411764706,27.400000000000002,31.942857142857143,23.05,24.44,,Sunday,1
2020-08-03,3.4625,1.5291139240506328,28.8,31.678571428571427,22.807142857142857,24.45,WT01,Monday,0
2020-08-04,5.65,14.454945054945055,25.166666666666668,29.442857142857143,21.67142857142857,23.25,WT01,Tuesday,0
2020-08-05,2.9,17.148235294117647,26.566666666666666,28.97142857142857,21.285714285714285,22.05,WT01,Wednesday,0
2020-08-06,1.8625,0.10843373493975904,24.8,29.085714285714285,19.650000000000002,20.349999999999998,WT03,Thursday,0
2020-08-07,2.4875000000000003,5.432142857142857,23.7,27.47142857142857,19.557142857142857,19.716666666666665,WT01,Friday,0
2020-08-08,1.975,5.105681818181818,24.03333333333333,27.935714285714287,20.085714285714285,20.9,WT01,Saturday,1
2020-08-09,2.8625,0.046511627906976744,25.53333333333333,29.8,20.957142857142856,21.54,WT01,Sunday,1
2020-08-10,2.8625,0.005747126436781609,27.96666666666667,32.292857142857144,22.614285714285717,23.983333333333334,WT01,Monday,0
2020-08-11,3.4,0.1302325581395349,27.5,32.05,23.49285714285714,24.25,WT01,Tuesday,0
2020-08-12,1.8875000000000002,2.5584269662921346,27.3,31.735714285714288,23.557142857142857,24.433333333333334,WT01,Wednesday,0
2020-08-13,1.85,3.82967032967033,25.633333333333336,29.25,22.657142857142855,23.616666666666664,WT01,Thursday,0
2020-08-14,2.95,5.143529411764706,26.2,28.935714285714287,21.857142857142858,21.866666666666664,WT01,Friday,0
2020-08-15,4.0625,0.0,25.0,29.714285714285715,19.928571428571427,20.560000000000002,,Saturday,1
2020-08-16,4.45,2.668539325842697,21.666666666666668,25.12142857142857,19.15,19.52,WT01,Sunday,1
2020-08-17,2.6125,8.177011494252874,22.166666666666668,25.707142857142856,16.87857142857143,17.333333333333332,WT01,Monday,0
2020-08-18,2.5375,16.050537634408602,23.400000000000002,28.214285714285715,16.985714285714288,17.14,WT01,Tuesday,0
2020-08-19,1.775,2.051764705882353,22.633333333333336,26.185714285714287,17.907142857142855,18.8,WT01,Wednesday,0
2020-08-20,2.2375,6.115294117647058,22.46666666666667,25.75714285714286,15.435714285714285,15.366666666666667,WT01,Thursday,0
2020-08-21,3.7,0.01625,24.3,28.185714285714287,17.3,18.616666666666667,,Friday,0
2020-08-22,2.9375,0.64125,26.7,30.62857142857143,20.72142857142857,21.78,WT03,Saturday,1
2020-08-23,2.3625000000000003,0.7397590361445783,26.166666666666668,30.87142857142857,21.342857142857145,21.3,WT03,Sunday,1
2020-08-24,2.6625,0.0036585365853658534,27.46666666666667,31.857142857142858,22.192857142857143,22.416666666666668,,Monday,0
2020-08-25,4.1625,0.4773809523809524,28.400000000000002,32.771428571428565,21.842857142857145,23.416666666666668,WT01,Tuesday,0
2020-08-26,4.375,2.611111111111111,24.03333333333333,28.814285714285713,18.599999999999998,18.983333333333334,WT03,Wednesday,0
2020-08-27,3.225,2.6112359550561797,25.96666666666667,30.271428571428572,19.17142857142857,19.533333333333335,WT01,Thursday,0
2020-08-28,3.3125,7.285555555555555,25.599999999999998,31.50769230769231,20.515384615384615,20.9,WT01,Friday,0
2020-08-29,3.7125,2.4827586206896552,24.399999999999995,28.849999999999998,21.514285714285712,22.12,WT01,Saturday,1
2020-08-30,4.8125,1.4011904761904763,24.099999999999998,27.021428571428572,17.892857142857142,19.119999999999997,,Sunday,1
2020-08-31,2.3625,0.01,21.233333333333334,25.514285714285712,15.271428571428572,16.3,,Monday,0
2020-09-01,3.5875000000000004,2.6348837209302327,22.833333333333332,25.478571428571428,17.928571428571427,19.25,WT01,Tuesday,0
2020-09-02,2.9875,2.961363636363636,23.53333333333333,26.664285714285715,20.0,21.3,WT01,Wednesday,0
2020-09-03,2.625,4.594444444444444,26.233333333333334,28.978571428571428,21.307142857142857,22.133333333333336,WT01,Thursday,0
2020-09-04,3.0,13.042222222222222,25.3,30.114285714285717,19.32857142857143,21.099999999999998,WT01,Friday,0
2020-09-05,2.7625,0.023170731707317073,23.266666666666666,27.864285714285717,16.67142857142857,16.880000000000003,,Saturday,1
2020-09-06,2.7625,0.0,22.900000000000002,27.214285714285715,16.228571428571428,17.240000000000002,,Sunday,1
2020-09-07,2.475,0.0,22.96666666666667,27.414285714285715,16.82857142857143,17.020000000000003,,Monday,0
2020-09-08,1.7625,0.0,23.400000000000002,27.985714285714288,17.3,17.400000000000002,WT01,Tuesday,0
2020-09-09,1.725,0.01744186046511628,23.53333333333333,28.057142857142857,18.32857142857143,18.683333333333334,WT01,Wednesday,0
2020-09-10,2.05,21.975510204081633,25.03333333333333,27.814285714285713,21.021428571428572,22.433333333333334,WT01,Thursday,0
2020-09-11,3.542857142857143,15.978494623655914,23.666666666666668,26.607692307692307,18.892307692307693,21.216666666666665,WT01,Friday,0
2020-09-12,3.5285714285714285,0.04177215189873418,19.433333333333334,23.807692307692307,14.830769230769231,15.466666666666669,,Saturday,1
2020-09-13,3.225,0.024705882352941178,20.2,23.514285714285712,14.87857142857143,16.866666666666667,,Sunday,1
2020-09-14,4.575,0.003529411764705882,22.96666666666667,24.72142857142857,15.357142857142858,19.816666666666666,,Monday,0
2020-09-15,2.6375,0.0,16.233333333333334,21.42142857142857,10.721428571428572,10.916666666666666,WT08,Tuesday,0
2020-09-16,2.7,0.0,17.533333333333335,20.678571428571427,10.75,10.65,,Wednesday,0
2020-09-17,1.8875,0.0,20.766666666666666,23.32857142857143,13.771428571428572,15.383333333333333,,Thursday,0
2020-09-18,5.3125,0.3655555555555555,20.03333333333333,22.542857142857144,13.385714285714286,15.933333333333332,WT01,Friday,0
2020-09-19,4.1875,0.028571428571428574,14.633333333333333,19.357142857142858,8.25,9.42,,Saturday,1
2020-09-20,3.85,0.0,13.833333333333334,17.77857142857143,8.192857142857143,10.1,,Sunday,1
2020-09-21,3.0375,0.0,13.933333333333332,18.164285714285715,7.057142857142857,8.783333333333333,,Monday,0
2020-09-22,3.875,0.0,15.866666666666667,20.87142857142857,6.785714285714286,7.7,,Tuesday,0
2020-09-23,3.55,0.0,20.433333333333334,25.085714285714285,10.164285714285715,12.6,,Wednesday,0
2020-09-24,1.825,0.0,21.033333333333335,25.47142857142857,12.742857142857144,13.633333333333333,,Thursday,0
2020-09-25,1.7375,0.0,20.3,25.321428571428573,13.485714285714286,14.266666666666666,WT01,Friday,0
2020-09-26,2.275,0.05176470588235295,20.633333333333333,24.557142857142857,15.357142857142858,16.56,WT01,Saturday,1
2020-09-27,2.15,0.09397590361445783,22.03333333333333,25.364285714285717,17.892857142857142,19.34,WT01,Sunday,1
2020-09-28,3.975,1.51875,22.566666666666666,26.064285714285713,19.49285714285714,20.400000000000002,WT01,Monday,0
2020-09-29,3.5875,2.114285714285714,21.566666666666666,24.314285714285713,18.49285714285714,19.25,WT01,Tuesday,0
2020-09-30,5.475,39.02886597938144,20.166666666666668,22.735714285714288,15.65,15.85,WT01,Wednesday,0
